"","B IN","B Mem","CD4 NC","CD4 ET","CD8 NC","CD8 ET","CD8 S100B","DC","Mono C","Mono NC","NK R","NK"
"B",0.000119317010212161,9.18893169421536e-06,0.229324624927621,0.103829133649711,0.172309607943093,0.316983481603243,0.0932554718869527,0.024477393889241,0.0941734823494125,0.00316369027407997,0.243105087017812,0.0453048579678625
"CD4T",0.0417009711919295,0.0200776572807246,1.94265834818132e-08,1.22666150945898e-10,2.40412194693587e-10,9.18218545393086e-05,1.04772439221959e-07,0.113105540812242,0.568019062596985,0.01601879743406,0.410672698115123,0.000271804448332666
"CD8T",0.00108117880625967,0.00841448274415361,0.0104089347530203,0.000118844740587902,0.000774725071503792,5.88713058386914e-06,2.51814975842308e-05,0.00580954962763799,0.113961117262673,0.0097579153223943,0.00273610558496997,1.57496236839767e-07
"Monocyte",0.0433869863774351,0.0383698293473409,0.168716911747151,0.00958917847713739,0.133177515389076,0.360355454533865,0.00233215300196637,0.000111765175775507,2.45893069061279e-14,1.71933599375602e-15,0.156052736469477,0.03744819396513
"NK",0.0336540295572092,0.0335575908055745,3.08309941290586e-05,0.000113512964417442,2.16072286517506e-05,2.51094267199783e-09,0.000145142666973879,0.00145951270303634,0.0017551166109323,3.6012420833779e-07,2.01257656094041e-07,9.26878199437877e-21
