"","B IN","B Mem","CD4 NC","CD4 ET","CD8 NC","CD8 ET","CD8 S100B","DC","Mono C","Mono NC","NK R","NK"
"B",0.144578313253012,0.175,0.0705882352941176,0.103896103896104,0.0843373493975904,0.072289156626506,0.0821917808219178,0.0675675675675676,0.0909090909090909,0.0857142857142857,0.03125,0.0975609756097561
"CD4T",0.0909090909090909,0.108108108108108,0.198347107438017,0.230769230769231,0.230769230769231,0.161016949152542,0.176991150442478,0.04,0.0566037735849057,0.0967741935483871,0.0309278350515464,0.163793103448276
"CD8T",0.111111111111111,0.1,0.10377358490566,0.156862745098039,0.142857142857143,0.179245283018868,0.168316831683168,0.0638297872340425,0.0891089108910891,0.0860215053763441,0.0752688172043011,0.177570093457944
"Monocyte",0.087719298245614,0.0828402366863905,0.0824742268041237,0.0988372093023256,0.0833333333333333,0.0918918918918919,0.0920245398773006,0.0898876404494382,0.248826291079812,0.186813186813187,0.0410958904109589,0.0983606557377049
"NK",0.0720720720720721,0.0900473933649289,0.116465863453815,0.123853211009174,0.139240506329114,0.179282868525896,0.125,0.0459183673469388,0.105726872246696,0.11,0.109947643979058,0.257028112449799
