"","B","CD4T","CD8T","Monocyte","NK"
"B",1.75245098039216,0.559057971014493,0.749437171683482,0.65930526800092,0.707319019873893
"CD4T",0.948275862068966,2.00911458333333,1.78057767740402,0.741718426501035,1.54533829342013
"CD8T",0.990990990990991,1.23637820512821,1.82395072339206,0.830724637681159,1.59967508292155
"Monocyte",1.03383458646617,0.852848639455782,0.771583660208408,1.83750820063219,0.801286522514144
"NK",0.852713178294574,1.23007015306122,1.5559922517616,0.983338823012736,2.25668449197861
