"","B","CD4T","CD8T","Monocyte","NK"
"B",2.76422403082815e-05,0.228874527310756,0.0785211789398444,0.0134265888374278,0.0453048579678625
"CD4T",0.0716460746979293,7.5744001460648e-08,4.68057528050554e-07,0.2507710375185,0.000271419986219139
"CD8T",0.00308083207193169,0.00447843993457683,7.54730803481901e-07,0.0057821328249339,1.57496236839767e-07
"Monocyte",0.0158803259037899,0.266679317581856,0.309346466868773,1.35906868242662e-17,0.03744819396513
"NK",0.0161684787185479,3.24053042532405e-05,1.0101922570961e-09,8.99851486164646e-06,9.22312040228088e-21
