"","B","CD4T","CD8T","Monocyte","NK"
"B",4.14260094281615,1.55143739605607,2.23915307185005,2.31593038821954,2.13922922699933
"CD4T",2.60046516331277,5.59514925373134,5.52012902425408,2.86607142857143,4.86650336803429
"CD8T",2.49750387330005,3.28092515592516,5.02953437155891,2.8840404040404,4.43847210364156
"Monocyte",2.75689223057644,2.46908723328689,2.60861028075728,5.77272003185982,2.53063725490196
"NK",2.2809626825311,3.44699806528116,4.6551471643934,3.56180043680044,6.71236041586446
