"","B","CD4T","CD8T","Monocyte","NK"
"B",2.15509155809286e-05,0.0974163287904173,0.0173596796362172,0.0381057906227857,0.02078062869432
"CD4T",0.012733359706364,7.66645449137246e-11,4.03614352839697e-09,0.0184451893396579,1.52881942498317e-07
"CD8T",0.0109687702575778,0.000831311332003325,1.98088114704799e-08,0.000928451119058535,2.80164528434519e-07
"Monocyte",0.0019348923859075,0.00417029451753057,0.000899292523962642,1.82524401025954e-25,0.000363045695587373
"NK",0.00960053443340056,3.5466222560333e-08,1.07411378824865e-15,2.48306659492857e-08,2.29304138462405e-33
