"","B IN","B Mem","CD4 NC","CD4 ET","CD8 NC","CD8 ET","CD8 S100B","DC","Mono C","Mono NC","NK R","NK"
"B",1.58951406649616,1.87234042553192,0.483091787439614,0.549853372434018,0.546498277841561,0.550746268656716,0.632002298190175,1.47540983606557,0.680881307746979,0.675763482781026,0.548433048433049,0.476963011031798
"CD4T",1.02831142568251,1.07605771582294,1.82291666666667,1.83284457478006,1.91036789297659,1.19032258064516,1.5743879472693,0.935064935064935,0.516813522747707,0.949771689497717,0.578078078078078,1.04206049149338
"CD8T",1.21143537820131,1.01207590569293,0.961538461538462,1.09090909090909,1.14125874125874,1.26153846153846,1.39209039548023,1.05882352941176,0.571940298507463,0.793028322440087,1.03327965646806,1.07870115575124
"Monocyte",1.13377926421405,0.950797872340426,0.799086757990868,0.786713286713287,0.7,0.619424460431655,0.788204492214414,1.48872180451128,1.90942801520349,1.55223880597015,0.66632052613361,0.540327662255829
"NK",0.861937452326468,0.982400840556869,1.06292517006803,0.974025974025974,1.14794178794179,1.23618090452261,1.02709834568152,1.07284768211921,0.812415196743555,0.994026284348865,1.84303350970018,1.52173913043478
