"","B","CD4T","CD8T","Monocyte","NK"
"B",2.97741841104343,1.40854184641933,1.71782353985443,2.13991967871486,1.83754305396096
"CD4T",1.60454233481001,3.39099954771597,3.17689058130541,1.30842391304348,2.44866087718018
"CD8T",2.14901496074656,2.13260135135135,3.07689161554192,2.07186810635086,3.14800473096677
"Monocyte",1.80235535074245,1.24844091814412,1.21430851629837,3.99127703274133,1.65563183237897
"NK",1.76629631454474,2.49456598447424,3.23674090168387,2.62291580283212,4.5906372959073
