"start_len","kept_prop","cell_type"
154,0.246753246753247,"CD4 SOX4"
172,0.383720930232558,"Plasma"
298,0.48993288590604,"DC"
254,0.5,"NK R"
530,0.618867924528302,"Mono NC"
634,0.637223974763407,"CD8 S100B"
650,0.666153846153846,"Mono C"
882,0.673469387755102,"B Mem"
1135,0.681938325991189,"B IN"
2323,0.705122686181662,"CD8 ET"
4267,0.715256620576518,"CD4 NC"
2337,0.717586649550706,"NK"
1854,0.718446601941748,"CD8 NC"
1084,0.725092250922509,"CD4 ET"
