"","B IN","B Mem","CD4 NC","CD4 ET","CD8 NC","CD8 ET","CD8 S100B","DC","Mono C","Mono NC","NK R","NK"
"B",3.44486557509602,4.16860068259386,1.55048705155619,1.7981533426835,1.81005618296351,2.11951313542986,2.18636666419954,4.44814153546502,2.55449735449735,2.86005711954304,2.38836772983114,2.13922922699933
"CD4T",2.56966720128308,2.81174819566961,5.85546875,6.3286827216446,6.36637359990365,4.86950146627566,5.74097222222222,3.59237159237159,2.18422075398368,4.56629620056862,3.00626915575369,4.86595223515003
"CD8T",2.85734984193888,2.43362605507716,2.96245110821382,3.48636636636637,3.55248421303467,4.52247360482655,4.56490740740741,3.51283422459893,2.14883018867925,3.42639705882353,4.91650913673598,4.43847210364156
"Monocyte",2.90671971706454,2.33377659574468,2.68647812638091,2.86101398601399,2.54475451597962,2.67654001798561,3.05104503099826,4.68748259537733,6.38807718662275,5.98612570948077,3.70827770360481,2.53063725490196
"NK",2.1257394205976,2.46753998316498,3.45757167897834,3.40469445568596,3.91214269024067,4.86031264355016,3.66275292552151,3.98553502962705,3.25015620118713,4.43733942335141,9.19862598504749,6.71159029649596
