"","B IN","B Mem","CD4 NC","CD4 ET","CD8 NC","CD8 ET","CD8 S100B","DC","Mono C","Mono NC","NK R","NK"
"B",0.161764705882353,0.2,0.0579710144927536,0.0806451612903226,0.0746268656716418,0.0895522388059701,0.0847457627118644,0.0819672131147541,0.0952380952380952,0.087719298245614,0.0384615384615385,0.0895522388059701
"CD4T",0.104651162790698,0.114942528735632,0.21875,0.268817204301075,0.260869565217391,0.193548387096774,0.211111111111111,0.051948051948052,0.072289156626506,0.123287671232877,0.0405405405405405,0.195652173913043
"CD8T",0.123287671232877,0.108108108108108,0.115384615384615,0.16,0.155844155844156,0.205128205128205,0.186666666666667,0.0588235294117647,0.08,0.102941176470588,0.072463768115942,0.20253164556962
"Monocyte",0.115384615384615,0.1015625,0.0958904109589041,0.115384615384615,0.0955882352941176,0.100719424460432,0.105691056910569,0.0827067669172932,0.267080745341615,0.201492537313433,0.0467289719626168,0.101449275362319
"NK",0.087719298245614,0.104938271604938,0.127551020408163,0.142857142857143,0.156756756756757,0.201005025125628,0.137724550898204,0.0596026490066225,0.113636363636364,0.129032258064516,0.129251700680272,0.285714285714286
