"","B","CD4T","CD8T","Monocyte","NK"
"B",3.65501028504261,1.88910318225651,2.41001214158961,2.21066082511866,2.33054240990171
"CD4T",2.26466936144356,5.10499568274331,4.57845995541074,2.25,4.07406508013599
"CD8T",2.31019108280255,2.89711881693014,4.35409190878574,2.85548554855486,3.89144078712966
"Monocyte",2.2477650063857,2.14766759345073,2.42082467848146,5.38628278564968,2.45359209257473
"NK",1.86926426113255,3.14742763101335,4.18948207171315,3.18937358411043,6.03842864720337
