"","B IN","B Mem","CD4 NC","CD4 ET","CD8 NC","CD8 ET","CD8 S100B","DC","Mono C","Mono NC","NK R","NK"
"B",0.000283080367856316,9.44213901839456e-06,0.257295977515756,0.143939050901144,0.141421757699539,0.0626421169647465,0.0772855023770264,0.00505731782706528,0.0290900922628843,0.0296719902631634,0.203878069517398,0.0604189572501526
"CD4T",0.00806231550982715,0.00277872180676317,3.42892695335768e-11,4.77894213420113e-14,1.48891917148285e-13,1.89691599013777e-08,4.28276584080305e-10,0.0250106328466511,0.0564977653537557,0.000139480832860136,0.0777016176161129,1.8966063894866e-08
"CD8T",0.00393381696755428,0.0163242063639038,0.00313990971812711,0.000137389530773561,0.000116598126287602,2.97676450956155e-07,1.57593037377005e-06,0.0267141278085481,0.0598033169067402,0.00408635742248022,0.00333437006635527,3.88241764013278e-07
"Monocyte",0.00017926949186798,0.0036080168993204,0.000677765022901746,0.000213214122614584,0.00171064955820056,0.000696266738276516,0.000304816417536851,1.93213641939034e-05,7.93074144572578e-24,2.1505588512178e-14,0.0108374439645312,0.00120153723397643
"NK",0.00464192149949775,0.000506662903474642,5.10595697217664e-08,1.18286562082149e-07,2.017834491645e-10,2.44389752015415e-17,5.78089088274312e-08,0.00040823835104326,3.05345429089586e-06,1.8265039062474e-08,9.69996740964521e-14,7.99691295452615e-32
