"n_eGenes_v26","kept_prop","cell_type"
960,0.715625,"Astrocytes"
98,0.73469387755102,"Endothelial cells"
2677,0.716473664549869,"Excitatory neurons"
810,0.720987654320988,"Inhibitory neurons"
438,0.757990867579909,"Microglia"
1853,0.729087965461414,"Oligodendrocytes"
576,0.713541666666667,"OPCs / COPs"
16,0.8125,"Pericytes"
