"","Astrocytes","Excitatory neurons","Inhibitory neurons","Microglia","Oligodendrocytes","OPCs / COPs"
"Astro",1.50649350649351,0.941606744359038,0.890737471139481,1.4088785046729,1.06079664570231,0.953333333333333
"Exc",1.78803015166652,2.19247284667845,2.36527854384997,1.54920948616601,1.7466307277628,1.68322147651007
"Inh",0.650744377573646,0.601805163372328,0.416340004126264,1.03253424657534,0.834218721377541,0.832432432432432
"Micro",0.677858726639214,0.619527978682908,0.616664403096564,0.951704545454546,0.482180293501048,0.468639053254438
"Oligo",1.01575581778627,1.17544759949823,1.60036797360741,1.10036496350365,1.13324860690195,1.2375
"OPC",0.741125541125541,0.8447336225114,0.538229018492176,1.42121212121212,1.12880357727124,1.13142857142857
