"","Astrocytes","Excitatory neurons","Inhibitory neurons","Microglia","Oligodendrocytes","OPCs / COPs"
"Astro",1.51865640771076,0.942982456140351,1.02522686025408,0.630417651694247,0.719826023921711,1.26046459432162
"Exc",1.7873417721519,1.81172505116167,1.80622626153011,2.21597751906865,1.52578507634687,1.79222309505106
"Inh",0.237257757365296,0.359531772575251,0.350057836899942,0.702127659574468,0.619850187265918,0.482233185536751
"Micro",0.802012333657903,1.13666402326196,1.154176201373,0.59204440333025,0.772800233474391,0.680364411707695
"Oligo",1.36178420735383,1.48243912949795,1.71917293233083,1.13475177304965,1.78516853932584,1.16417910447761
"OPC",1.27667269439421,1.00998238402819,0.776957637997433,0.59204440333025,1.00290367377856,0.927222295601638
