"","CD4T","Monocyte","Neutrophil"
"B",0.210851463873221,0.493670886075949,0.263082437275986
"CD4T",2.04427083333333,0.86283185840708,0.61090303786933
"CD8T",1.08833432362844,0.338541666666667,0.427632126508531
"Monocyte",0.509981100874085,1.17117117117117,0.700477164280845
"NK",0.957734204793028,0.716101694915254,0.319825708061002
"Neutrophil",1.43426916221034,1.84959349593496,2.2222810111699
