"","CD4T","Monocyte","Neutrophil"
"B",1,0.0888095744220999,0.659100815750786
"CD4T",1.11923506277918e-19,2.43601246182317e-06,0.00965703411252277
"CD8T",1.6132419223689e-06,0.26135860027262,0.086324980343237
"Monocyte",0.0102057677023547,9.67291998687575e-18,1.53302094296083e-05
"NK",3.93854762435478e-08,9.35388949003069e-09,0.110378759177663
"Neutrophil",1.60748236145305e-18,4.49292729322316e-44,2.39765111893705e-73
