"","CD4T","Monocyte","Neutrophil"
"B",0.806958772728199,0.174276876645777,0.716184270772052
"CD4T",3.01638978240042e-14,0.00327563947882721,0.0947015757079336
"CD8T",0.00348594133526628,0.582913336681605,0.42343857480777
"Monocyte",0.514200117785556,2.32031289329333e-10,0.000726595255524542
"NK",0.00127810493063075,0.00025188930760263,0.691113468400268
"Neutrophil",4.86941741556518e-15,6.75409877904843e-39,6.66098137667994e-56
