"","CD4T","Monocyte","Neutrophil"
"B",0.756863888079277,2.10492862914086,1.06690293649646
"CD4T",7.11686390532544,3.71763356276631,2.47089174785295
"CD8T",3.86803284645011,1.42354843561974,1.68440908718117
"Monocyte",1.90786977698026,4.99685732243872,2.79444243955251
"NK",3.51068512602059,3.23854673602954,1.30610363267564
"Neutrophil",5.1527027027027,7.8362610050971,8.76756392212057
