"","CD4T","Monocyte","Neutrophil"
"B",0,0.0757575757575758,0.0408163265306122
"CD4T",0.3,0.159090909090909,0.121212121212121
"CD8T",0.180555555555556,0.0563380281690141,0.0909090909090909
"Monocyte",0.0813008130081301,0.207100591715976,0.142857142857143
"NK",0.132947976878613,0.132596685082873,0.0699300699300699
"Neutrophil",0.186363636363636,0.284552845528455,0.408730158730159
