"","CD4T","Monocyte","Neutrophil"
"B",0.257344632768362,0.466454089932973,0.270687862130441
"CD4T",1.71148684916801,0.668116572422792,0.509067818135636
"CD8T",0.838527284681131,0.30224321133412,0.375070763213422
"Monocyte",0.365234822451317,1.03501991794994,0.678947538965037
"NK",0.795633187772926,0.690841625906561,0.28550162572962
"Neutrophil",1.67197420634921,2.20768954365792,2.50359734444959
