"","CD4T","Monocyte","Neutrophil"
"B",0.0254237288135593,0.0551181102362205,0.0377358490566038
"CD4T",0.169082125603865,0.0789473684210526,0.0709677419354839
"CD8T",0.0828402366863905,0.0357142857142857,0.0522875816993464
"Monocyte",0.0360824742268041,0.122302158273381,0.0946502057613169
"NK",0.0786026200873362,0.0816326530612245,0.0398009950248756
"Neutrophil",0.165178571428571,0.260869565217391,0.349019607843137
