"","CD4T","Monocyte","Neutrophil"
"B",0.0273972602739726,0.0759493670886076,0.0483870967741935
"CD4T",0.265625,0.132743362831858,0.112359550561798
"CD8T",0.141414141414141,0.0520833333333333,0.0786516853932584
"Monocyte",0.0662650602409639,0.18018018018018,0.128834355828221
"NK",0.124444444444444,0.110169491525424,0.0588235294117647
"Neutrophil",0.186363636363636,0.284552845528455,0.408730158730159
