"","CD4T","Monocyte","Neutrophil"
"B",0,2.09961315280464,0.89997254507184
"CD4T",8.03786982248521,4.45552749719416,2.66556806738076
"CD8T",4.93864908073541,1.53983830782529,1.94691439946914
"Monocyte",2.34077149282131,5.74342920049539,3.09859943977591
"NK",3.75057711130399,3.89781740605,1.55271061227174
"Neutrophil",5.1527027027027,7.8362610050971,8.76756392212057
