"","CD4T","Monocyte","Neutrophil"
"B",0,0.426887926887927,0.191307057174015
"CD4T",2.02421052631579,0.896464646464646,0.568123987971316
"CD8T",1.21827485380117,0.317460317460317,0.426092990978487
"Monocyte",0.548566538296962,1.16699539776463,0.669574700109051
"NK",0.897048980833587,0.747171796895554,0.327763839214221
"Neutrophil",1.25746411483254,1.60343270099368,1.9157276142009
