"","CD4T","Monocyte","Neutrophil"
"B",0.702344031734583,1.5275925615681,0.832050088840003
"CD4T",4.53020038304319,2.21101364522417,1.56064711041809
"CD8T",2.26588906389681,0.976147498710676,1.11979390296264
"Monocyte",1.03886817284492,3.39175171490714,2.05298152182684
"NK",2.21744771684083,2.39967670236411,0.883731811163618
"Neutrophil",4.56696428571429,7.18405046181572,7.48672848449725
