"","CD4T","Monocyte","Neutrophil"
"B",0.748112995465719,0.0648345171021461,0.53903771018404
"CD4T",2.78174543387781e-20,1.07338351273253e-05,0.00687580436037385
"CD8T",1.27824612096948e-05,0.274482483656768,0.120919860509215
"Monocyte",0.0293502946040117,6.82960045037291e-18,1.53467295192427e-05
"NK",5.5856429595633e-09,1.07585097698927e-07,0.221663234504364
"Neutrophil",1.60748236145305e-18,4.49292729322316e-44,2.39765111893705e-73
